epoch,loss,step
0,1.0662307739257812,49
0,0.8135687708854675,89
