epoch,loss,step,val_loss
0,1.1420845985412598,49,
0,,89,0.8708130121231079
1,0.9195981621742249,99,
1,0.6034802198410034,149,
1,,179,0.7067036628723145
