epoch,loss,step,val_loss
0,1.2030019760131836,49,
0,,89,0.8949930667877197
1,0.9266383647918701,99,
1,0.6311903595924377,149,
